Genome,Tax_Label,Alt_Tax_Label
H1_20WD_concat_25pcnt_copy1_Sub_assembly-bin.10,H1_20WD_25_1_Sub.10 UBA7748 sp900314535,UBA7748 sp900314535 MAG.1
H1_20WD_concat_25pcnt_copy1_Sub_assembly-bin.11,H1_20WD_25_1_Sub.11 Bulleidia sp900319505,Bulleidia sp900319505 MAG.2
H1_20WD_concat_25pcnt_copy1_Sub_assembly-bin.13,H1_20WD_25_1_Sub.13 Pseudoramibacter sp022484225,Pseudoramibacter sp022484225 MAG.3
H1_20WD_concat_25pcnt_copy1_Sub_assembly-bin.14,H1_20WD_25_1_Sub.14 Weimeria bifida,Weimeria bifida MAG.4
H1_20WD_concat_25pcnt_copy1_Sub_assembly-bin.15,H1_20WD_25_1_Sub.15 Chordicoccus sp900315305,Chordicoccus sp900315305 MAG.5
H1_20WD_concat_25pcnt_copy1_Sub_assembly-bin.16,H1_20WD_25_1_Sub.16 Lactobacillus amylovorus,Lactobacillus amylovorus MAG.6
H1_20WD_concat_25pcnt_copy1_Sub_assembly-bin.17,H1_20WD_25_1_Sub.17 Parafannyhessea sp003862195,Parafannyhessea sp003862195 MAG.7
H1_20WD_concat_25pcnt_copy1_Sub_assembly-bin.19,H1_20WD_25_1_Sub.19 RUG420 sp900542575,RUG420 sp900542575 MAG.8
H1_20WD_concat_25pcnt_copy1_Sub_assembly-bin.2,H1_20WD_25_1_Sub.2 Dellaglioa algida,Dellaglioa algida MAG.9
H1_20WD_concat_25pcnt_copy1_Sub_assembly-bin.5,H1_20WD_25_1_Sub.5 Bulleidia Unclassified,Bulleidia Unclassified MAG.10
H1_20WD_concat_25pcnt_copy1_Sub_assembly-bin.7,H1_20WD_25_1_Sub.7 Weimeria sp900316165,Weimeria sp900316165 MAG.11
H1_20WD_concat_25pcnt_copy1_Sub_assembly-bin.9,H1_20WD_25_1_Sub.9 Eubacterium_T sp905214225,Eubacterium_T sp905214225 MAG.12
H2_20WD_concat_25pcnt_copy1_Sub_assembly-bin.1,H2_20WD_25_1_Sub.1 Lactobacillus sp022483245,Lactobacillus sp022483245 MAG.13
H2_20WD_concat_25pcnt_copy1_Sub_assembly-bin.10,H2_20WD_25_1_Sub.10 Limosilactobacillus intestinavium,Limosilactobacillus intestinavium MAG.14
H2_20WD_concat_25pcnt_copy1_Sub_assembly-bin.12,H2_20WD_25_1_Sub.12 Limosilactobacillus mucosae,Limosilactobacillus mucosae MAG.15
H2_20WD_concat_25pcnt_copy1_Sub_assembly-bin.3,H2_20WD_25_1_Sub.3 Lactobacillus sp944327175,Lactobacillus sp944327175 MAG.16
H2_20WD_concat_25pcnt_copy1_Sub_assembly-bin.5,H2_20WD_25_1_Sub.5 Lactobacillus amylovorus,Lactobacillus amylovorus MAG.17
H2_20WD_concat_25pcnt_copy1_Sub_assembly-bin.6,H2_20WD_25_1_Sub.6 Leuconostoc gelidum,Leuconostoc gelidum MAG.18
H2_20WD_concat_25pcnt_copy1_Sub_assembly-bin.7,H2_20WD_25_1_Sub.7 Limosilactobacillus vaginalis,Limosilactobacillus vaginalis MAG.19
H2_20WD_concat_25pcnt_copy1_Sub_assembly-bin.8,H2_20WD_25_1_Sub.8 Limosilactobacillus oris,Limosilactobacillus oris MAG.20
H2_20WD_concat_25pcnt_copy1_Sub_assembly-bin.9,H2_20WD_25_1_Sub.9 Lactobacillus gasseri,Lactobacillus gasseri MAG.21
H2_20WD_concat_50pcnt_copy1_Sub_assembly-bin.12,H2_20WD_50_1_Sub.12 Aeriscardovia sp903789535,Aeriscardovia sp903789535 MAG.22
H3_20WD_concat_25pcnt_copy1_Sub_assembly-bin.14,H3_20WD_25_1_Sub.14 Limosilactobacillus mucosae,Limosilactobacillus mucosae MAG.23
H3_20WD_concat_25pcnt_copy1_Sub_assembly-bin.21,H3_20WD_25_1_Sub.21 Eubacterium_T Unclassified,Eubacterium_T Unclassified MAG.24
H3_20WD_concat_25pcnt_copy1_Sub_assembly-bin.4,H3_20WD_25_1_Sub.4 Pseudoramibacter fermentans,Pseudoramibacter fermentans MAG.25
H4_20WD_concat_50pcnt_copy1_Sub_assembly-bin.9,H4_20WD_50_1_Sub.9 Lactococcus_A carnosus,Lactococcus_A carnosus MAG.26
H4_20WD_concat_50pcnt_copy3_Sub_assembly-bin.5,H4_20WD_50_3_Sub.5 Lactobacillus sp944327175,Lactobacillus sp944327175 MAG.27
W7_8_14A_concat_25pcnt_copy1_Sub_assembly-bin.11,W7_8_14A_25_1_Sub.11 Aeriscardovia sp903789535,Aeriscardovia sp903789535 MAG.28
W7_8_14A_concat_25pcnt_copy1_Sub_assembly-bin.13,W7_8_14A_25_1_Sub.13 Lactobacillus sp905214545,Lactobacillus sp905214545 MAG.29
W7_8_14A_concat_25pcnt_copy1_Sub_assembly-bin.5,W7_8_14A_25_1_Sub.5 Limosilactobacillus intestinavium,Limosilactobacillus intestinavium MAG.30
W7_8_14A_concat_25pcnt_copy1_Sub_assembly-bin.6,W7_8_14A_25_1_Sub.6 Clostridium_B sp003497125,Clostridium_B sp003497125 MAG.31
W7_8_14A_concat_25pcnt_copy1_Sub_assembly-bin.7,W7_8_14A_25_1_Sub.7 Limosilactobacillus panis,Limosilactobacillus panis MAG.32
W7_8_14A_concat_25pcnt_copy1_Sub_assembly-bin.8,W7_8_14A_25_1_Sub.8 Ligilactobacillus acidipiscis,Ligilactobacillus acidipiscis MAG.33
W7_8_14A_concat_25pcnt_copy1_Sub_assembly-bin.9,W7_8_14A_25_1_Sub.9 Lactobacillus acetotolerans,Lactobacillus acetotolerans MAG.34
W7_8_14A_concat_50pcnt_copy1_Sub_assembly-bin.16,W7_8_14A_50_1_Sub.16 CAIFEG01 Unclassified,CAIFEG01 Unclassified MAG.35
W7_8_14A_concat_50pcnt_copy1_Sub_assembly-bin.8,W7_8_14A_50_1_Sub.8 Lacticaseibacillus paracasei,Lacticaseibacillus paracasei MAG.36
W7_8_19_concat_25pcnt_copy1_Sub_assembly-bin.1,W7_8_19_25_1_Sub.1 Turicibacter bilis,Turicibacter bilis MAG.37
W7_8_19_concat_25pcnt_copy1_Sub_assembly-bin.10,W7_8_19_25_1_Sub.10 Atopostipes Unclassified,Atopostipes Unclassified MAG.38
W7_8_19_concat_25pcnt_copy1_Sub_assembly-bin.2,W7_8_19_25_1_Sub.2 JAUNQW01 Unclassified,JAUNQW01 Unclassified MAG.39
W7_8_19_concat_25pcnt_copy1_Sub_assembly-bin.20,W7_8_19_25_1_Sub.20 Pseudomonas_E iridis,Pseudomonas_E iridis MAG.40
W7_8_19_concat_25pcnt_copy1_Sub_assembly-bin.22,W7_8_19_25_1_Sub.22 Rahnella aceris,Rahnella aceris MAG.41
W7_8_19_concat_25pcnt_copy1_Sub_assembly-bin.24,W7_8_19_25_1_Sub.24 Telluria Unclassified,Telluria Unclassified MAG.42
W7_8_19_concat_25pcnt_copy1_Sub_assembly-bin.25,W7_8_19_25_1_Sub.25 Lactobacillus sp905214545,Lactobacillus sp905214545 MAG.43
W7_8_19_concat_25pcnt_copy1_Sub_assembly-bin.26,W7_8_19_25_1_Sub.26 Pseudomonas_E paracarnis,Pseudomonas_E paracarnis MAG.44
W7_8_19_concat_25pcnt_copy1_Sub_assembly-bin.29,W7_8_19_25_1_Sub.29 Corynebacterium maris,Corynebacterium maris MAG.45
W7_8_19_concat_25pcnt_copy1_Sub_assembly-bin.3,W7_8_19_25_1_Sub.3 Atopostipes Unclassified,Atopostipes Unclassified MAG.46
W7_8_19_concat_25pcnt_copy1_Sub_assembly-bin.32,W7_8_19_25_1_Sub.32 CALBOC01 Unclassified,CALBOC01 Unclassified MAG.47
W7_8_19_concat_25pcnt_copy2_Sub_assembly-bin.8,W7_8_19_25_2_Sub.8 Pseudogracilibacillus Unclassified,Pseudogracilibacillus Unclassified MAG.48
W7_8_19_concat_50pcnt_copy1_Sub_assembly-bin.14,W7_8_19_50_1_Sub.14 Yersinia intermedia,Yersinia intermedia MAG.49
W7_8_19_concat_50pcnt_copy1_Sub_assembly-bin.15,W7_8_19_50_1_Sub.15 Jeotgalicoccus Unclassified,Jeotgalicoccus Unclassified MAG.50
W7_8_19_concat_50pcnt_copy1_Sub_assembly-bin.23,W7_8_19_50_1_Sub.23 Tissierella_A Unclassified,Tissierella_A Unclassified MAG.51
W7_8_19_concat_50pcnt_copy1_Sub_assembly-bin.27,W7_8_19_50_1_Sub.27 Planococcus Unclassified,Planococcus Unclassified MAG.52
W7_8_19_concat_50pcnt_copy1_Sub_assembly-bin.32,W7_8_19_50_1_Sub.32 Corynebacterium sp012838715,Corynebacterium sp012838715 MAG.53
W7_8_19_concat_50pcnt_copy1_Sub_assembly-bin.4,W7_8_19_50_1_Sub.4 Clostridium Unclassified,Clostridium Unclassified MAG.54
W7_8_8A_concat_25pcnt_copy1_Sub_assembly-bin.13,W7_8_8A_25_1_Sub.13 Limosilactobacillus secaliphilus,Limosilactobacillus secaliphilus MAG.55
Y5_8_14_concat_25pcnt_copy1_Sub_assembly-bin.10,Y5_8_14_25_1_Sub.10 Eubacterium_T saphenum_A,Eubacterium_T saphenum_A MAG.56
Y5_8_14_concat_25pcnt_copy1_Sub_assembly-bin.11,Y5_8_14_25_1_Sub.11 Xanthomonas_B Unclassified,Xanthomonas_B Unclassified MAG.57
Y5_8_14_concat_25pcnt_copy1_Sub_assembly-bin.12,Y5_8_14_25_1_Sub.12 Dialister hominis,Dialister hominis MAG.58
Y5_8_14_concat_25pcnt_copy1_Sub_assembly-bin.14,Y5_8_14_25_1_Sub.14 UBA4285 sp903789615,UBA4285 sp903789615 MAG.59
Y5_8_14_concat_25pcnt_copy1_Sub_assembly-bin.16,Y5_8_14_25_1_Sub.16 Prevotella Unclassified,Prevotella Unclassified MAG.60
Y5_8_14_concat_25pcnt_copy1_Sub_assembly-bin.17,Y5_8_14_25_1_Sub.17 Bulleidia intestinalis,Bulleidia intestinalis MAG.61
Y5_8_14_concat_25pcnt_copy1_Sub_assembly-bin.18,Y5_8_14_25_1_Sub.18 Enterococcus_D innesii,Enterococcus_D innesii MAG.62
Y5_8_14_concat_25pcnt_copy1_Sub_assembly-bin.20,Y5_8_14_25_1_Sub.20 Prevotella sp002409785,Prevotella sp002409785 MAG.63
Y5_8_14_concat_25pcnt_copy1_Sub_assembly-bin.21,Y5_8_14_25_1_Sub.21 Caproicibacter Unclassified,Caproicibacter Unclassified MAG.64
Y5_8_14_concat_25pcnt_copy1_Sub_assembly-bin.25,Y5_8_14_25_1_Sub.25 Parafannyhessea sp003862195,Parafannyhessea sp003862195 MAG.65
Y5_8_14_concat_25pcnt_copy1_Sub_assembly-bin.29,Y5_8_14_25_1_Sub.29 Prevotella Unclassified,Prevotella Unclassified MAG.66
Y5_8_14_concat_25pcnt_copy1_Sub_assembly-bin.30,Y5_8_14_25_1_Sub.30 Prevotella sp022486815,Prevotella sp022486815 MAG.67
Y5_8_14_concat_25pcnt_copy1_Sub_assembly-bin.31,Y5_8_14_25_1_Sub.31 Lactobacillus amylovorus,Lactobacillus amylovorus MAG.68
Y5_8_14_concat_25pcnt_copy1_Sub_assembly-bin.33,Y5_8_14_25_1_Sub.33 Bifidobacterium boum,Bifidobacterium boum MAG.69
Y5_8_14_concat_25pcnt_copy1_Sub_assembly-bin.34,Y5_8_14_25_1_Sub.34 Pseudoramibacter Unclassified,Pseudoramibacter Unclassified MAG.70
Y5_8_14_concat_25pcnt_copy1_Sub_assembly-bin.36,Y5_8_14_25_1_Sub.36 Bulleidia timonensis,Bulleidia timonensis MAG.71
Y5_8_14_concat_25pcnt_copy1_Sub_assembly-bin.37,Y5_8_14_25_1_Sub.37 RUG844 Unclassified,RUG844 Unclassified MAG.72
Y5_8_14_concat_25pcnt_copy1_Sub_assembly-bin.39,Y5_8_14_25_1_Sub.39 Prevotella sp002305235,Prevotella sp002305235 MAG.73
Y5_8_14_concat_25pcnt_copy1_Sub_assembly-bin.8,Y5_8_14_25_1_Sub.8 Bifidobacterium boum,Bifidobacterium boum MAG.74
Y5_8_14_concat_25pcnt_copy2_Sub_assembly-bin.42,Y5_8_14_25_2_Sub.42 Enterococcus_D innesii,Enterococcus_D innesii MAG.75
Y5_8_14_concat_50pcnt_copy1_Sub_assembly-bin.24,Y5_8_14_50_1_Sub.24 Mogibacterium Unclassified,Mogibacterium Unclassified MAG.76
Y5_8_14_concat_50pcnt_copy1_Sub_assembly-bin.3,Y5_8_14_50_1_Sub.3 Mobilitalea Unclassified,Mobilitalea Unclassified MAG.77
Y5_8_14_concat_50pcnt_copy1_Sub_assembly-bin.34,Y5_8_14_50_1_Sub.34 Aerococcus urinaeequi,Aerococcus urinaeequi MAG.78
Y5_8_19E_assembly-bin.10,Y5_8_19E.10 Streptococcus thermophilus,Streptococcus thermophilus MAG.79
Y5_8_19E_assembly-bin.11,Y5_8_19E.11 Lactobacillus amylolyticus,Lactobacillus amylolyticus MAG.80
Y5_8_28_concat_25pcnt_copy1_Sub_assembly-bin.1,Y5_8_28_25_1_Sub.1 Anaerococcus sp943914475,Anaerococcus sp943914475 MAG.81
Y5_8_28_concat_25pcnt_copy1_Sub_assembly-bin.10,Y5_8_28_25_1_Sub.10 Limosilactobacillus mucosae,Limosilactobacillus mucosae MAG.82
Y5_8_28_concat_25pcnt_copy1_Sub_assembly-bin.11,Y5_8_28_25_1_Sub.11 Bacteroides_E sp030151845,Bacteroides_E sp030151845 MAG.83
Y5_8_28_concat_25pcnt_copy1_Sub_assembly-bin.12,Y5_8_28_25_1_Sub.12 Lactiplantibacillus pentosus,Lactiplantibacillus pentosus MAG.84
Y5_8_28_concat_25pcnt_copy1_Sub_assembly-bin.19,Y5_8_28_25_1_Sub.19 Bacteroides_E sp012518235,Bacteroides_E sp012518235 MAG.85
Y5_8_28_concat_25pcnt_copy1_Sub_assembly-bin.8,Y5_8_28_25_1_Sub.8 JALCQC01 sp022650895,JALCQC01 sp022650895 MAG.86
Y5_8_8_concat_25pcnt_copy1_Sub_assembly-bin.2,Y5_8_8_25_1_Sub.2 Caproicibacterium sp029211325,Caproicibacterium sp029211325 MAG.87
Y5_8_8_concat_25pcnt_copy3_Sub_assembly-bin.1,Y5_8_8_25_3_Sub.1 Enterococcus_D innesii,Enterococcus_D innesii MAG.88
Y5_9_2B_concat_25pcnt_copy1_Sub_assembly-bin.15,Y5_9_2B_25_1_Sub.15 Lacticaseibacillus sp016861825,Lacticaseibacillus sp016861825 MAG.89
Y5_9_2B_concat_25pcnt_copy1_Sub_assembly-bin.3,Y5_9_2B_25_1_Sub.3 Changpingibacter sp022648165,Changpingibacter sp022648165 MAG.90
Y5_9_2B_concat_25pcnt_copy3_Sub_assembly-bin.20,Y5_9_2B_25_3_Sub.20 Ligilactobacillus acidipiscis,Ligilactobacillus acidipiscis MAG.91
Y5_9_2B_concat_50pcnt_copy1_Sub_assembly-bin.32,Y5_9_2B_50_1_Sub.32 Lentilactobacillus buchneri,Lentilactobacillus buchneri MAG.92
Y5_9_9B_concat_25pcnt_copy1_Sub_assembly-bin.9,Y5_9_9B_25_1_Sub.9 Caproicibacter Unclassified,Caproicibacter Unclassified MAG.93
Y5_Co_assembly-bin.1,Y5_Co.1 Lacticaseibacillus rhamnosus,Lacticaseibacillus rhamnosus MAG.94
Y5_Co_assembly-bin.100,Y5_Co.100 Dysosmobacter Unclassified,Dysosmobacter Unclassified MAG.95
Y5_Co_assembly-bin.124,Y5_Co.124 Enterococcus_C stercoravium,Enterococcus_C stercoravium MAG.96
Y5_Co_assembly-bin.127,Y5_Co.127 Methanobrevibacter sp900314635,Methanobrevibacter sp900314635 MAG.97
Y5_Co_assembly-bin.13,Y5_Co.13 RUG100 Unclassified,RUG100 Unclassified MAG.98
Y5_Co_assembly-bin.138,Y5_Co.138 CAG-791 sp900321785,CAG-791 sp900321785 MAG.99
Y5_Co_assembly-bin.146,Y5_Co.146 Anaerotruncus sp938014855,Anaerotruncus sp938014855 MAG.100
Y5_Co_assembly-bin.163,Y5_Co.163 Caproicibacter Unclassified,Caproicibacter Unclassified MAG.101
Y5_Co_assembly-bin.164,Y5_Co.164 NA Unclassified,NA Unclassified MAG.102
Y5_Co_assembly-bin.27,Y5_Co.27 Proteiniphilum saccharofermentans,Proteiniphilum saccharofermentans MAG.103
Y5_Co_assembly-bin.39,Y5_Co.39 Robertmurraya Unclassified,Robertmurraya Unclassified MAG.104
Y5_Co_assembly-bin.50,Y5_Co.50 Peptoniphilus_A Unclassified,Peptoniphilus_A Unclassified MAG.105
Y5_Co_assembly-bin.6,Y5_Co.6 Corynebacterium sp012837295,Corynebacterium sp012837295 MAG.106
Y5_Co_assembly-bin.62,Y5_Co.62 Methanosphaera sp900322125,Methanosphaera sp900322125 MAG.107
Y5_Co_assembly-bin.64,Y5_Co.64 Hugonella sp022644775,Hugonella sp022644775 MAG.108
Y5_Co_assembly-bin.70,Y5_Co.70 Hornefia butyriciproducens,Hornefia butyriciproducens MAG.109
Y5_Co_assembly-bin.74,Y5_Co.74 Caproicibacter Unclassified,Caproicibacter Unclassified MAG.110
Y5_Co_assembly-bin.76,Y5_Co.76 Nocardiopsis merdipullorum,Nocardiopsis merdipullorum MAG.111
Y5_Co_assembly-bin.99,Y5_Co.99 Aminobacterium sp002432275,Aminobacterium sp002432275 MAG.112