Genome,Y5_8_14,Y5_8_19E,Y5_8_28,Y5_8_8,Y5_9_2B,Y5_9_9B
unmapped,2.763784,2.1924496,10.208893,2.93594,3.1396568,2.8077006
Y5_8_14_concat_25pcnt_copy2_Sub_assembly-bin.42,0.3776133,0.07187907,0.014983054,0.4077011,0.00633229,0.008281085
Y5_9_2B_concat_50pcnt_copy1_Sub_assembly-bin.32,0.002227312,0.06297774,0.04639111,0.002748303,0.5832833,0.5361871
H1_20WD_concat_25pcnt_copy1_Sub_assembly-bin.9,0.038199842,0.012890423,0.005521125,0.019721784,0.005827389,0.003228711
H1_20WD_concat_25pcnt_copy1_Sub_assembly-bin.14,7.21207E-05,0.000286703,4.55194E-05,3.60502E-05,3.16237E-05,2.67332E-05
Y5_8_14_concat_25pcnt_copy1_Sub_assembly-bin.34,1.0524936,0.09432199,8.026306,2.0597231,0.57286805,0.20932095
W7_8_19_concat_25pcnt_copy1_Sub_assembly-bin.1,0.59614146,0.06591698,0.080168635,0.5371555,0.7419653,0.69458926
Y5_Co_assembly-bin.70,0.20240062,0.023785485,0.022167759,0.10933353,0.086615026,0.086641185
Y5_8_8_concat_25pcnt_copy3_Sub_assembly-bin.1,0.3561751,0.07789336,0.004784711,0.5054651,0.002841322,0.003181798
W7_8_19_concat_50pcnt_copy1_Sub_assembly-bin.32,0.36566386,0.05094723,0.07474221,0.2445986,0.13905764,0.28518263
Y5_Co_assembly-bin.146,0.13137062,0.049553793,0.17769939,0.015602444,0.021673458,0.032730192
H1_20WD_concat_25pcnt_copy1_Sub_assembly-bin.15,0.00042152,3.99079E-05,2.21711E-05,0.000546266,1.54029E-05,0
Y5_Co_assembly-bin.39,0.21969686,0.18400842,0.014878214,0.04549586,0.026987074,0.003770415
H3_20WD_concat_25pcnt_copy1_Sub_assembly-bin.21,0.004671072,0.000401887,0.000110718,0.002195962,0.000175795,6.11919E-05
Y5_8_14_concat_25pcnt_copy1_Sub_assembly-bin.37,1.0855024,0.22614168,0.29246718,0.93129766,0.23170607,0.16192313
W7_8_19_concat_50pcnt_copy1_Sub_assembly-bin.27,0.000741161,5.91304E-05,0,0.002603184,0,6.43091E-06
Y5_Co_assembly-bin.64,0.024800314,0.005631178,0.119083166,0.01372266,0.13196088,0.08925961
H1_20WD_concat_25pcnt_copy1_Sub_assembly-bin.17,0.26651588,0.016758766,1.5188353,0.2636491,0.9044023,0.34314588
Y5_8_14_concat_25pcnt_copy1_Sub_assembly-bin.18,0.37098023,0.06620839,0.013406225,0.39558807,0.003045911,0.002992531
Y5_9_2B_concat_25pcnt_copy1_Sub_assembly-bin.15,0.009528273,0.002988918,0.23384376,0.003272891,1.5842768,1.2379805
W7_8_19_concat_25pcnt_copy1_Sub_assembly-bin.2,0.19236708,0.09569056,0.09310527,0.2906518,0.213322,0.08247597
Y5_9_9B_concat_25pcnt_copy1_Sub_assembly-bin.9,0.09801286,0.19136149,0.006808029,0.35272262,0.107882924,26.158463
Y5_8_14_concat_25pcnt_copy1_Sub_assembly-bin.20,21.905882,25.48085,0.84076124,19.739916,0.001497324,0.015212983
H4_20WD_concat_50pcnt_copy3_Sub_assembly-bin.5,0,0.003576184,0.000558008,0,0.003298826,0.000608818
Y5_8_14_concat_25pcnt_copy1_Sub_assembly-bin.21,2.2727234,1.5762602,0.014946124,14.891593,0.03707399,0.048968595
W7_8_19_concat_25pcnt_copy1_Sub_assembly-bin.3,0.49837327,0.36119407,0.000675579,0.89032906,0.004865271,0.004770657
W7_8_19_concat_25pcnt_copy2_Sub_assembly-bin.8,0.48554873,0.5726569,0.3697384,0.7144862,0.018238608,0.014911751
H1_20WD_concat_25pcnt_copy1_Sub_assembly-bin.16,0.24743742,0.8057148,7.7574706,0.29157305,0.010602101,0.010561143
Y5_8_28_concat_25pcnt_copy1_Sub_assembly-bin.19,0.025604699,0.029874006,1.5815036,0.00456528,0.11773012,0.30588365
W7_8_14A_concat_50pcnt_copy1_Sub_assembly-bin.8,0.000280278,0.02859004,1.391148,0.000172743,1.9486357,0.89809173
Y5_8_14_concat_25pcnt_copy1_Sub_assembly-bin.36,2.4665267,1.4413477,0.07278435,0.02076915,0.003014704,0.00639266
H4_20WD_concat_50pcnt_copy1_Sub_assembly-bin.9,0.00014585,0.001892217,0.001447356,0.000944345,0.001597707,0.000742152
W7_8_19_concat_25pcnt_copy1_Sub_assembly-bin.29,1.9649535,0.090118915,0.01703053,1.6024733,0.025770288,0.028188912
Y5_Co_assembly-bin.76,0.13931766,0.003779103,0.009883372,0.110232286,0.04073129,0.046891324
Y5_9_2B_concat_25pcnt_copy1_Sub_assembly-bin.3,0.061961006,0.01394968,0.09111785,0.04705152,1.0824784,0.88705474
Y5_8_19E_assembly-bin.10,0.000193909,2.6755486,0.006627646,0.000242319,0.006673946,0.001536168
Y5_8_14_concat_25pcnt_copy1_Sub_assembly-bin.25,1.0481403,0.063347355,6.0128374,1.008316,3.5076704,1.3487527
Y5_8_28_concat_25pcnt_copy1_Sub_assembly-bin.1,0.015681636,0.019946154,1.1586818,0.015886502,14.345141,13.671069
H2_20WD_concat_25pcnt_copy1_Sub_assembly-bin.9,0.000977612,0.003631185,0.105436966,0.000953296,0.001439673,0.000872705
H2_20WD_concat_25pcnt_copy1_Sub_assembly-bin.8,0,0.00118684,0.000288629,0,0.000481201,7.34353E-05
H1_20WD_concat_25pcnt_copy1_Sub_assembly-bin.13,0.010458116,0.001727366,0.051465034,0.01513958,0.003523911,0.001671105
H2_20WD_concat_50pcnt_copy1_Sub_assembly-bin.12,8.66978E-05,0.000243458,0.11880476,0.000229789,0.5259384,0.10276649
W7_8_19_concat_50pcnt_copy1_Sub_assembly-bin.23,0.055111967,0.006415184,0.000300444,0.105441794,0.001958112,0.001809187
W7_8_19_concat_25pcnt_copy1_Sub_assembly-bin.10,0.075081706,0.026581718,0.005162028,0.19795997,0.007501339,0.007101842
Y5_8_14_concat_25pcnt_copy1_Sub_assembly-bin.33,1.9932489,0.0813248,0.91664684,2.2612543,2.804185,1.222043
W7_8_14A_concat_25pcnt_copy1_Sub_assembly-bin.5,0.00180919,0.026882427,0.08370246,0.003032071,0.081413165,0.030287543
Y5_8_19E_assembly-bin.11,0.02892366,1.8147362,0.6439334,0.036044408,0.004600029,0.002768935
Y5_Co_assembly-bin.127,0.14861067,0.005971949,0.021499313,0.112475105,0.026430964,0.039360236
Y5_8_14_concat_25pcnt_copy1_Sub_assembly-bin.8,1.4799236,0.05753843,0.76783895,1.7091172,2.308894,0.9798713
Y5_Co_assembly-bin.62,0.1516528,0.014029621,0.029232139,0.16870332,0.11765005,0.14014386
H1_20WD_concat_25pcnt_copy1_Sub_assembly-bin.11,0.00242583,0.000958297,0.000111273,0.000555437,7.02766E-06,0
W7_8_14A_concat_50pcnt_copy1_Sub_assembly-bin.16,0,8.12939E-05,0,0,1.56882E-05,0
W7_8_14A_concat_25pcnt_copy1_Sub_assembly-bin.7,0.001069205,1.3097038,0.08581277,0.000114513,0.25270224,0.12053514
Y5_8_14_concat_25pcnt_copy1_Sub_assembly-bin.31,2.6368296,4.684284,23.241,3.1188211,0.11765561,0.11449011
Y5_8_14_concat_25pcnt_copy1_Sub_assembly-bin.30,6.158227,12.726237,0.08341521,5.3057423,0.000510362,0.00127847
W7_8_14A_concat_25pcnt_copy1_Sub_assembly-bin.6,0.015547865,0.004873517,0.006278125,0.011864755,0.001761154,0.002975671
Y5_Co_assembly-bin.13,0.2510977,0.010595585,0.028240103,0.021162573,0.07253876,0.06464344
H1_20WD_concat_25pcnt_copy1_Sub_assembly-bin.10,0.009133888,0.000159849,0.000412885,0.005195106,0.000356292,0.00026957
Y5_Co_assembly-bin.74,0.2260429,0.38209662,0.003702973,0.01585625,0.000599895,0.003690888
Y5_Co_assembly-bin.124,0.20478274,0.013189941,0.015916072,0.11916649,0.006189142,0.010393269
H3_20WD_concat_25pcnt_copy1_Sub_assembly-bin.4,0.032264914,0.003724543,0.18374054,0.058986217,0.015301979,0.00742597
Y5_8_14_concat_50pcnt_copy1_Sub_assembly-bin.3,0.50308543,0.08856636,0.008154311,0.06604119,0.0227939,0.018299386
W7_8_8A_concat_25pcnt_copy1_Sub_assembly-bin.13,2.66263E-05,0.000657927,0.000197211,4.6583E-05,0.003180781,0.00249749
Y5_8_14_concat_25pcnt_copy1_Sub_assembly-bin.39,4.1380124,2.152335,0.014794244,4.866515,0.000418385,0.002104045
Y5_8_14_concat_25pcnt_copy1_Sub_assembly-bin.16,23.328522,24.887007,0.007780454,14.269519,0.000258212,0.000740338
H1_20WD_concat_25pcnt_copy1_Sub_assembly-bin.19,0.006351817,0.002586843,4.45221E-05,0.002763194,7.56086E-05,5.18688E-05
W7_8_19_concat_50pcnt_copy1_Sub_assembly-bin.4,0.023257,0.22078001,0.029641375,0.027309958,0.012476856,0.01119741
W7_8_19_concat_25pcnt_copy1_Sub_assembly-bin.22,0,0.000638178,0,0,0,0
H3_20WD_concat_25pcnt_copy1_Sub_assembly-bin.14,0.39705595,0.17982721,0.26876533,0.7428649,0.03357698,0.035324372
Y5_Co_assembly-bin.6,0.16155356,0.08541887,0.026899492,0.2953292,0.031353086,0.03299576
H2_20WD_concat_25pcnt_copy1_Sub_assembly-bin.12,0.8272764,0.34095302,0.52475417,1.4883572,0.068283506,0.07410834
Y5_8_14_concat_25pcnt_copy1_Sub_assembly-bin.17,0.9997988,0.593492,0.004086586,0.13528393,0.003554316,0.003028738
H2_20WD_concat_25pcnt_copy1_Sub_assembly-bin.3,0,0.004062895,6.15344E-05,0,0.000294435,0.000208801
Y5_8_14_concat_50pcnt_copy1_Sub_assembly-bin.24,0.49688864,0.06727208,0.4621728,0.2902367,1.4435678,1.2635169
H1_20WD_concat_25pcnt_copy1_Sub_assembly-bin.5,0.008212677,0.003555449,0.000201722,0.006456524,9.10765E-05,4.14481E-05
Y5_Co_assembly-bin.164,0.09263741,0.044816833,0.000180578,0.21828337,2.25094E-05,2.53712E-05
H1_20WD_concat_25pcnt_copy1_Sub_assembly-bin.7,0.001038138,0.000330636,0.000622976,0.0010716,0.002068586,0.00192395
H2_20WD_concat_25pcnt_copy1_Sub_assembly-bin.1,0,0.002301082,0,0,0,0
H2_20WD_concat_25pcnt_copy1_Sub_assembly-bin.10,0.000223368,0.017240329,0.009950933,0.000516152,0.006740307,0.002235833
W7_8_19_concat_25pcnt_copy1_Sub_assembly-bin.20,6.49932E-05,0.000860596,0,0.000370769,0,5.56094E-06
Y5_Co_assembly-bin.100,0.004576358,0.048048727,0.095605455,0.003504008,0.002195633,0.15769874
Y5_Co_assembly-bin.50,0.000469089,8.48755E-05,0.13220723,0.000614807,0.07461213,0.1457897
Y5_Co_assembly-bin.138,0.15364124,0.001992142,0.015820205,0.10985597,0.016092826,0.018382423
Y5_8_28_concat_25pcnt_copy1_Sub_assembly-bin.8,0.14223976,0.008202692,1.317996,0.11673772,4.461908,2.683384
Y5_8_8_concat_25pcnt_copy1_Sub_assembly-bin.2,0.29880792,0.122835115,0.007990497,1.3030552,0.001454386,0.003174531
Y5_8_14_concat_25pcnt_copy1_Sub_assembly-bin.14,1.321326,0.1676704,0.1626428,0.9598727,0.7154554,0.5342277
Y5_Co_assembly-bin.1,8.28701E-05,0.006888194,0.07914258,3.89944E-05,0.19059627,0.03844106
W7_8_19_concat_25pcnt_copy1_Sub_assembly-bin.24,7.65309E-06,4.31899E-05,0,4.78056E-05,0,4.25519E-06
Y5_8_14_concat_50pcnt_copy1_Sub_assembly-bin.34,0.4866266,0.15675862,0,0.40020338,8.67498E-06,1.90808E-05
W7_8_14A_concat_25pcnt_copy1_Sub_assembly-bin.13,0.000278698,0.029559026,2.166782,0.000999043,8.289027,1.5685351
Y5_8_28_concat_25pcnt_copy1_Sub_assembly-bin.10,1.1932952,0.507488,2.2475047,2.4929059,0.19097671,0.1209207
Y5_8_14_concat_25pcnt_copy1_Sub_assembly-bin.10,1.0727841,0.11720087,0.11650546,1.2227051,0.2113634,0.15385379
H1_20WD_concat_25pcnt_copy1_Sub_assembly-bin.2,0,0.017281111,1.77403E-05,0,4.92988E-05,1.38916E-05
Y5_Co_assembly-bin.163,0.14109516,0.10654893,0.001466605,0.18492202,0.000114345,0.000655044
W7_8_14A_concat_25pcnt_copy1_Sub_assembly-bin.9,0.003518324,0.029711794,0.17694719,0.003057146,0.42349803,0.19273207
Y5_9_2B_concat_25pcnt_copy3_Sub_assembly-bin.20,0.037042085,0.02576511,0.10509614,0.034130853,0.93592197,1.0958531
W7_8_14A_concat_25pcnt_copy1_Sub_assembly-bin.8,0.03452094,0.030610314,0.30905253,0.03071203,1.403213,1.0601999
Y5_8_14_concat_25pcnt_copy1_Sub_assembly-bin.11,1.0142387,5.3361306,0.013108161,0.19114715,0.001113958,0.002585302
Y5_8_28_concat_25pcnt_copy1_Sub_assembly-bin.11,0.17219235,0.26022664,0.8517505,0.04320369,0.016320959,0.11619094
W7_8_19_concat_25pcnt_copy1_Sub_assembly-bin.32,0.5339649,0.24415816,0.000848475,0.39298913,0.001020192,0.000888259
H2_20WD_concat_25pcnt_copy1_Sub_assembly-bin.5,0.40915418,1.2680857,11.761756,0.47622973,0.013327248,0.014285395
W7_8_19_concat_25pcnt_copy1_Sub_assembly-bin.25,5.66467E-05,0.010234562,0.53657496,0.00039055,2.0391855,0.39174396
Y5_8_14_concat_25pcnt_copy1_Sub_assembly-bin.29,5.202993,2.650281,0.009581119,4.8264356,0.000221627,0.001577308
W7_8_19_concat_50pcnt_copy1_Sub_assembly-bin.14,4.98514E-06,0.000628649,0,4.98374E-06,0,0
Y5_Co_assembly-bin.27,0.07226278,0.40312627,0.034026355,0.001814497,0.008341069,0.1022614
H2_20WD_concat_25pcnt_copy1_Sub_assembly-bin.7,0.0021396,0.02026694,0.099841364,0.002152102,0.14365312,0.09264227
Y5_Co_assembly-bin.99,0.20928302,0.19651607,0.034328535,0.001964087,0.009923763,0.12308759
H2_20WD_concat_25pcnt_copy1_Sub_assembly-bin.6,4.8078E-05,0.0774728,0.000136551,0.000112124,0.000137029,5.34637E-05
Y5_8_14_concat_25pcnt_copy1_Sub_assembly-bin.12,3.5577302,1.5649966,8.08046,2.8470595,12.182911,10.481619
Y5_8_28_concat_25pcnt_copy1_Sub_assembly-bin.12,0.004417516,0.02310976,3.1665823,0.004559944,29.070885,26.194523
W7_8_14A_concat_25pcnt_copy1_Sub_assembly-bin.11,0.00030098,0.000406106,0.4434157,0.001084484,1.9570761,0.3629956
W7_8_19_concat_50pcnt_copy1_Sub_assembly-bin.15,0.1698853,0.027261544,9.22606E-05,0.17612135,2.13298E-05,0
W7_8_19_concat_25pcnt_copy1_Sub_assembly-bin.26,0.001537853,0.010691471,2.20484E-06,0.014236419,6.12707E-06,0.002108678