SampleID,ReactorID,Plate,Reactor,Feedstock,Inoculum,ExpDay,FeedNum,FeedDay,Succinic,Lactic,Formic,Acetic,Propionic,Isobutyric,Butyric,Ethanol,Isovaleric,Valeric,Isocaproic,Caproic,Heptanoic
TB97,G1_TB_F_D15_2,ARPA_TB_P4,G1,LFW,Drake,15,2,0,9.41,7.62,0.52,8.66,0.36,0.03,0,3.21,0,2.35,0,0,0
TB98,G2_TB_C_D32,ARPA_TB_P4,G2,M+PPB,Rumen,32,,,0.08,0.17,0.09,5.03,1.51,0,1.39,0.16,0,0.26,0,0.54,0
TB99,G3_TB_C_D32,ARPA_TB_P4,G3,M+PPB,Rumen,32,,,0.03,0,0,8.95,2.52,0,2.26,0,0,0.77,0,1.52,0
TB100,G4_TB_C_D32,ARPA_TB_P4,G4,M+PPB,Rumen,32,,,0,0.04,0,6.82,2.32,0,2,0,0,0.61,0,1.32,0
TB101,G8_TB_C_D32,ARPA_TB_P4,G8,Grass,Rumen,32,,,0,0,0,7.83,3.18,0.2,3.36,0.47,0,1.42,0.4,3.72,0
TB102,Y4_TB_C_D32,ARPA_TB_P4,Y4,Grass,Rumen,32,,,0,0,0,8.02,2.91,0.08,3.67,0.12,0.08,1.53,0.27,5.03,0.67
TB103,Y5_TB_C_D32,ARPA_TB_P4,Y5,Grass,Rumen,32,,,0,0,0,6.53,2.14,0.13,2.99,1,0,1.32,0,2.12,0
TB104,W7_TB_F_D18,ARPA_TB_P4,W7,LFW,Drake,17,,,19.53,23.09,0,11.53,2.54,0.01,2.08,4.44,0,1.58,0,0,0
TB105,W8_TB_F_D18,ARPA_TB_P4,W8,LFW,Drake,17,,,16.14,21.03,0,11,0.37,0.13,0,7.05,0,1.77,0,0,0
TB106,G1_TB_F_D18,ARPA_TB_P4,G1,LFW,Drake,17,,,5.74,26.09,0.11,7.66,4.52,0.37,3.94,8.18,0.24,4.49,0,2.02,0
TB108,G2_TB_C_D37,ARPA_TB_P4,G2,M+PPB,Rumen,37,,,0.11,0.07,0.22,5.77,1.89,0,1.68,0.44,0,0.3,0,0.41,0
TB109,G3_TB_C_D37,ARPA_TB_P4,G3,M+PPB,Rumen,37,,,0,0,0,10.53,3.18,0,2.45,0,0,0.94,0,1.72,0
TB110,G4_TB_C_D37,ARPA_TB_P4,G4,M+PPB,Rumen,37,,,0,0,0,8.03,2.98,0.01,2.59,0,0,0.83,0,1.81,0
TB111,G8_TB_C_D37,ARPA_TB_P4,G8,Grass,Rumen,37,,,0,0,0,8.76,3.37,0.24,3.43,0.37,0,1.72,0.37,3.7,0
TB112,Y4_TB_C_D37,ARPA_TB_P4,Y4,Grass,Rumen,37,,,0,0,0,7.45,2.75,0.13,3.32,0,0,1.44,0.33,4.1,0
TB113,Y5_TB_C_D37,ARPA_TB_P4,Y5,Grass,Rumen,37,,,0.01,0,0,7.63,2.73,0.27,3.2,0.52,0,1.69,0.31,3.3,0.5
TB114,W7_TB_F_D23,ARPA_TB_P4,W7,LFW,Drake,23,,,20.55,22.32,0,13.19,2.97,0.04,2.18,4.46,0,1.58,0,0,0
TB115,W8_TB_F_D23,ARPA_TB_P4,W8,LFW,Drake,23,,,20.85,19.35,0,12.8,0.38,0.19,0,6.78,0,1.93,0,0,0
TB116,G1_TB_F_D23,ARPA_TB_P4,G1,LFW,Drake,23,,,8.83,23.78,0.92,9.75,3.93,0.4,3.53,7.16,0.11,4.07,0,1.71,0
TB117,G2_TB_C_D42_3,ARPA_TB_P4,G2,M+PPB,Rumen,42,,14,0.03,0.06,0.13,5.24,1.67,0.05,1.88,0,0,0.23,0,0.25,0
TB118,G3_TB_C_D42_3,ARPA_TB_P4,G3,M+PPB,Rumen,42,,14,0,0,0,10.85,3.46,0.07,3,0,0.11,1.04,0,2.32,0
TB119,G4_TB_C_D42_3,ARPA_TB_P4,G4,M+PPB,Rumen,42,,14,0,0.04,0,7.28,2.83,0.08,2.65,0,0,0.9,0.08,1.82,0
TB120,G5_TB_C_D42_3,ARPA_TB_P4,G5,Inoc. control,Inoc. control,42,,14,0,0,0,2.23,0.9,0,0.38,0,0,0.02,0,0,0
TB121,G6_TB_C_D42_3,ARPA_TB_P4,G6,Inoc. control,Inoc. control,42,,14,0,0,0,1.45,0.81,0,0.54,0,0,0.1,0,0,0
TB122,G7_TB_C_D42_3,ARPA_TB_P4,G7,Inoc. control,Inoc. control,42,,14,0,0,0,0,0.64,0.01,0.08,0,0,0,0,0,0
TB123,G8_TB_C_D42_3,ARPA_TB_P4,G8,Grass,Rumen,42,,14,0,0,0,9.35,3.64,0.32,3.99,0,0.14,1.87,1.12,4.83,1.94
TB124,Y4_TB_C_D42_3,ARPA_TB_P4,Y4,Grass,Rumen,42,,14,0,0,0,7.96,2.83,0.22,4.01,0,0.11,1.63,1.26,5.36,1.5
TB125,Y5_TB_C_D42_3,ARPA_TB_P4,Y5,Grass,Rumen,42,,14,0,0,0,7.83,3,0.32,3.66,0.01,0,1.73,1.01,4.39,1.91
TB126,W7_TB_F_D28_2,ARPA_TB_P4,W7,LFW,Drake,28,,14,9.65,24.41,0,9.97,4.14,0.14,4.14,7.49,0.42,4.64,0,2.29,0.4
TB127,W8_TB_F_D28_2,ARPA_TB_P4,W8,LFW,Drake,28,,14,21.78,22.61,0,13.35,2.93,0.13,2.38,4.66,0,1.79,0,0,0
TB128,G1_TB_F_D28_2,ARPA_TB_P4,G1,LFW,Drake,28,,14,24.18,17.96,0.19,13.42,0.41,0.29,0.57,7.05,0,2.38,0,0,0
TB130,G2_TB_C_D42_4,ARPA_TB_P4,G2,M+PPB,Rumen,43,,0,0,0.27,0.13,5.3,1.58,0,1.71,0,0,0.28,0,0.39,0
TB131,G3_TB_C_D42_4,ARPA_TB_P4,G3,M+PPB,Rumen,43,,0,0,0.14,0,10.1,3.08,0.05,2.72,0,0.15,0.87,0,1.9,0
TB132,G4_TB_C_D42_4,ARPA_TB_P4,G4,M+PPB,Rumen,43,,0,0,0.31,0,2.42,0.65,0,0.54,0,0,0.14,0,0.39,0
TB133,G5_TB_C_D42_4,ARPA_TB_P4,G5,Inoc. control,Inoc. control,43,,0,0,0,0,2.39,0.89,0,0.38,0,0,0,0,0,0
TB134,G6_TB_C_D42_4,ARPA_TB_P4,G6,Inoc. control,Inoc. control,43,,0,0.01,0,0,1.36,0.75,0.02,0.56,0,0,0,0,0,0
TB135,G7_TB_C_D42_4,ARPA_TB_P4,G7,Inoc. control,Inoc. control,43,,0,0,0,0,0,0.53,0.02,0.12,0,0,0.07,0,0,0
TB136,G8_TB_C_D42_4,ARPA_TB_P4,G8,Grass,Rumen,43,,0,0,0,0.02,5.71,2.25,0.09,2.46,0,0,1.2,0.45,3.08,0
TB137,Y4_TB_C_D42_4,ARPA_TB_P4,Y4,Grass,Rumen,43,,0,0,0,0,6.15,2.22,0.18,3.23,0,0,1.27,1.03,4.28,1.22
TB138,Y5_TB_C_D42_4,ARPA_TB_P4,Y5,Grass,Rumen,43,,0,0,0,0,5.34,2.03,0.18,2.55,0,0,1.27,0.7,2.75,0
TB139,W7_TB_F_D28_3,ARPA_TB_P4,W7,LFW,Drake,29,,0,5.96,17.91,0.57,6.73,2.81,0.31,2.62,5.23,0,3.13,0,1.14,0
TB140,W8_TB_F_D28_3,ARPA_TB_P4,W8,LFW,Drake,29,,0,13.79,16.89,0.56,9.19,1.92,0.11,1.46,3.44,0,1.27,0,0,0
TB141,G1_TB_F_D28_3,ARPA_TB_P4,G1,LFW,Drake,29,,0,15.3,13.71,0.62,8.94,0.31,0.13,0.5,5.07,0,1.32,0,0,0
TB142,G2_TB_C_D45,ARPA_TB_P4,G2,M+PPB,Rumen,45,,,0,0.09,0.11,4.44,1.23,0.01,1.86,0,0,0.19,0.06,0.21,0
TB143,G3_TB_C_D45,ARPA_TB_P4,G3,M+PPB,Rumen,45,,,0,0.02,0,9.04,2.72,0.12,2.66,0,0,0.92,0.05,1.99,0
TB144,G4_TB_C_D45,ARPA_TB_P4,G4,M+PPB,Rumen,45,,,0,0.02,0,6.27,2.05,0.06,1.91,0,0,0.78,0,2.11,0
TB145,G8_TB_C_D45,ARPA_TB_P4,G8,Grass,Rumen,45,,,0.34,0.03,0.93,8.48,2.13,0.19,4.26,1.12,0,1.38,0.44,2.98,1.01
TB146,Y4_TB_C_D45,ARPA_TB_P4,Y4,Grass,Rumen,45,,,0,0,0,7.48,2.24,0.08,2.97,0,0.02,1.73,0.95,5.73,3.08
TB147,Y5_TB_C_D45,ARPA_TB_P4,Y5,Grass,Rumen,45,,,0,0,0,7.87,2,0.18,3.62,0.91,0.03,1.45,0.54,2.83,0
TB149,W7_TB_F_D31,ARPA_TB_P4,W7,LFW,Drake,31,,,6.1,37.21,0,10.81,3.32,0.48,2.63,13.3,0,2.9,0,0.89,0
TB150,W8_TB_F_D31,ARPA_TB_P4,W8,LFW,Drake,31,,,16.43,33.31,0.94,12.34,1.68,0.25,1.34,13.14,0,1.24,0,0,0
TB151,G1_TB_F_D31,ARPA_TB_P4,G1,LFW,Drake,31,,,17.53,33.58,0.17,10,0.3,0.3,1.06,6.64,0,1.22,0,0,0
TB152,G2_TB_C_D51,ARPA_TB_P4,G2,M+PPB,Rumen,51,,,0,0.03,0,3.9,1.46,0,1.67,0,0.15,0.31,0.3,0.11,0
TB153,G3_TB_C_D51,ARPA_TB_P4,G3,M+PPB,Rumen,51,,,0,0.03,0,7.85,2.76,0,2.45,0,0.33,1.07,0,1.86,0
TB154,G4_TB_C_D51,ARPA_TB_P4,G4,M+PPB,Rumen,51,,,0,0,0,6.47,2.59,0,2.45,0,0.36,1.11,0,2.01,0
TB155,G8_TB_C_D51,ARPA_TB_P4,G8,Grass,Rumen,51,,,0,0.09,0.1,6.92,1.95,0,3.28,0,0.27,1.99,0.51,5.59,0.68
TB156,Y4_TB_C_D51,ARPA_TB_P4,Y4,Grass,Rumen,51,,,0,0,0,8.46,2.38,0,3.55,0,0.35,2.19,1.15,4.99,0.41
TB157,Y5_TB_C_D51,ARPA_TB_P4,Y5,Grass,Rumen,51,,,0.05,0.09,0,7.16,2.23,0,3.47,0,0.43,2.11,0.7,4.51,0.27
TB158,W7_TB_F_D37,ARPA_TB_P4,W7,LFW,Drake,37,,,5.33,35.27,0,10.82,4.46,0.2,2.88,12.37,0.15,3.77,0,1.28,0
TB159,W8_TB_F_D37,ARPA_TB_P4,W8,LFW,Drake,37,,,18.4,32.73,0.74,12.21,1.72,0,1.32,13.54,0,1.36,0,0,0
TB160,G1_TB_F_D37,ARPA_TB_P4,G1,LFW,Drake,37,,,22.28,31.72,0.41,10.98,0.37,0.2,1.18,7.64,0,2.69,0,0,0
TB161,G2_TB_C_D56_4,ARPA_TB_P4,G2,M+PPB,Rumen,56,,14,0.02,0.03,0,4.46,1.6,0,1.67,0,0.07,0.71,0.05,1.52,0
TB162,G3_TB_C_D56_4,ARPA_TB_P4,G3,M+PPB,Rumen,56,,14,0,0.02,0,7.01,2.59,0,2.05,0,0.33,1.57,0,1.83,0
TB163,G4_TB_C_D56_4,ARPA_TB_P4,G4,M+PPB,Rumen,56,,14,0,0,0,6.7,2.65,0,2.62,0,0.47,1.69,0,3.24,0
TB164,G5_TB_C_D56_4,ARPA_TB_P4,G5,Inoc. control,Inoc. control,56,,14,0,0,0,1.97,0.81,0,0.18,0,0.09,0,0,0,0
TB165,G6_TB_C_D56_4,ARPA_TB_P4,G6,Inoc. control,Inoc. control,56,,14,0,0,0,1.44,0.81,0,0.21,0,0.12,0,0,0,0
TB166,G7_TB_C_D56_4,ARPA_TB_P4,G7,Inoc. control,Inoc. control,56,,14,0,0,0,0.02,0.36,0,0,0,0,0,0,0,0
TB167,G8_TB_C_D56_4,ARPA_TB_P4,G8,Grass,Rumen,56,,14,0,0.06,0.2,5.34,1.46,0,2.59,0.21,0.39,2.14,0.61,5.15,0
TB168,Y4_TB_C_D56_4,ARPA_TB_P4,Y4,Grass,Rumen,56,,14,0,0,0,7.89,2.23,0,3.57,0,0.4,3.22,1.34,6.65,0
TB169,Y5_TB_C_D56_4,ARPA_TB_P4,Y5,Grass,Rumen,56,,14,0,0,0,6.83,2,0,3.53,0,0.31,2.97,0.91,5.89,0.39
TB170,W7_TB_F_D42_3,ARPA_TB_P4,W7,LFW,Drake,42,,14,17.7,30.32,1.23,11.6,1.62,0.26,1.2,13.87,0,2.08,0,0,0
TB171,W8_TB_F_D42_3,ARPA_TB_P4,W8,LFW,Drake,42,,14,23.29,28.73,0.37,11.16,0.39,0.33,1.31,7.94,0,2.72,0,0,0
TB172,G1_TB_F_D42_3,ARPA_TB_P4,G1,LFW,Drake,42,,14,4.45,34.06,0,10.72,5.2,0.44,3.39,13.49,0.33,6.1,0,1.67,0
TB174,G2_TB_C_D56_5,ARPA_TB_P4,G2,M+PPB,Rumen,57,,0,0.01,0.09,0,3.83,1.24,0,1.34,0,0.13,0.5,0,0.82,0
TB175,G3_TB_C_D56_5,ARPA_TB_P4,G3,M+PPB,Rumen,57,,0,0,0.03,0,5.74,2.09,0,1.66,0,0.33,1.18,0,1.48,0
TB176,G4_TB_C_D56_5,ARPA_TB_P4,G4,M+PPB,Rumen,57,,0,0,0.07,0,5.81,2.06,0,1.98,0,0.34,1.26,0,2.61,0
TB177,G5_TB_C_D56_5,ARPA_TB_P4,G5,Inoc. control,Inoc. control,57,,0,0,0,0,2.02,0.82,0,0.1,0,0.14,0,0,0,0
TB178,G6_TB_C_D56_5,ARPA_TB_P4,G6,Inoc. control,Inoc. control,57,,0,0,0,0,1.4,0.77,0,0.4,0,0.05,0.12,0,0,0
TB179,G7_TB_C_D56_5,ARPA_TB_P4,G7,Inoc. control,Inoc. control,57,,0,0,0,0,0.02,0.37,0,0,0,0.01,0,0,0,0
TB180,Y4_TB_C_D56_5,ARPA_TB_P4,Y4,Grass,Rumen,57,,0,0,0.11,0,5.63,1.52,0,2.09,0,0.31,1.68,0.96,4.75,0
TB181,Y5_TB_C_D56_5,ARPA_TB_P4,Y5,Grass,Rumen,57,,0,0.01,0.05,0,4.22,1.09,0,1.76,0,0.32,1.62,0.22,3.57,0
TB182,W7_TB_F_D42_4,ARPA_TB_P4,W7,LFW,Drake,43,,0,10.49,20.84,1.02,7.53,1,0.14,0.7,9.58,0,1.7,0,0,0
TB183,W8_TB_F_D42_4,ARPA_TB_P4,W8,LFW,Drake,43,,0,14.38,20.22,0.85,7.42,0.25,0.07,0.64,5.66,0,2.13,0,0,0
TB184,G1_TB_F_D42_4,ARPA_TB_P4,G1,LFW,Drake,43,,0,2.36,20.76,0.68,6.25,2.9,0.02,1.65,7.92,0.15,3.72,0,0.6,0
TB185,G2_TB_C_D59,ARPA_TB_P4,G2,M+PPB,Rumen,59,,,0,0.05,0,4.17,1.43,0,1.85,0,0.08,0.81,0,1.31,0
TB186,G3_TB_C_D59,ARPA_TB_P4,G3,M+PPB,Rumen,59,,,0,0.02,0,6.25,2.26,0,1.67,0,0.25,1.5,0,2.27,0
TB187,G4_TB_C_D59,ARPA_TB_P4,G4,M+PPB,Rumen,59,,,0,0.04,0,6.65,2.73,0.04,2.14,0,0.46,1.95,0.05,3.23,0
TB188,Y4_TB_C_D59,ARPA_TB_P4,Y4,Grass,Rumen,59,,,0,0,0,6.4,1.49,0,2.85,0,0.26,2.54,0.95,5.34,0
TB189,Y5_TB_C_D59,ARPA_TB_P4,Y5,Grass,Rumen,59,,,0,0,0,5.27,1.58,0,2.79,0,0.21,2.61,0.28,4.87,0
TB190,W7_TB_F_D45,ARPA_TB_P4,W7,LFW,Drake,45,,,11.85,35.8,0.33,13.42,0.89,0.38,0.55,17.36,0,5.9,0,0,0
TB191,W8_TB_F_D45,ARPA_TB_P4,W8,LFW,Drake,45,,,17.44,39.18,0.3,9.4,0.21,0.18,0.73,10.66,0,2.93,0,0,0
TB192,G1_TB_F_D45,ARPA_TB_P4,G1,LFW,Drake,45,,,4.29,40.37,0.82,8.58,3.22,0.66,1.98,19.22,0,3.62,0,0.7,0
TB193,G2_TB_C_D65,ARPA_TB_P5,G2,M+PPB,Rumen,65,,,0.05,0.16,0,4.04,1.58,0,1.85,0,0,0.48,0,0.85,0
TB194,G3_TB_C_D65,ARPA_TB_P5,G3,M+PPB,Rumen,65,,,0,0.07,0,6.94,2.95,0,1.89,0,0.13,1.14,0,0.83,0
TB195,G4_TB_C_D65,ARPA_TB_P5,G4,M+PPB,Rumen,65,,,0,0.09,0,7.99,3.49,0,2.49,0,0.16,1.09,0,0.88,0
TB196,Y4_TB_C_D65,ARPA_TB_P5,Y4,Grass,Rumen,65,,,0,0,0,8.57,2.47,0,3.72,0,0.09,2.5,0.34,5.08,0
TB197,Y5_TB_C_D65,ARPA_TB_P5,Y5,Grass,Rumen,65,,,0,0.06,0,6.58,1.98,0,2.97,0,0,1.59,0,2.82,0
TB198,W7_TB_F_D51,ARPA_TB_P5,W7,LFW,Drake,51,,,7.5,50.14,1.48,12.3,6.15,0.46,3.73,13.01,0,3.54,0,0.72,0
TB199,W8_TB_F_D51,ARPA_TB_P5,W8,LFW,Drake,51,,,13.87,42.42,0,14.33,1.12,0.48,0.94,10.88,0,3.72,0,0,0
TB200,G1_TB_F_D51,ARPA_TB_P5,G1,LFW,Drake,51,,,23.01,39.73,0.15,13.5,0.41,0.22,1.52,6.64,0,3.29,0,0,0
TB201,G2_TB_C_D70_5,ARPA_TB_P5,G2,M+PPB,Rumen,70,,,0.06,0.19,0,4.52,1.91,0,2.3,0,0,0.56,0,1.16,0
TB202,G3_TB_C_D70_5,ARPA_TB_P5,G3,M+PPB,Rumen,70,,,0.02,0.12,0,6.18,2.72,0,1.58,0,0.07,0.81,0,0.83,0
TB203,G4_TB_C_D70_5,ARPA_TB_P5,G4,M+PPB,Rumen,70,,,0.01,0.08,0,8.3,3.97,0,2.41,0,0.27,1.43,0,1.55,0
TB204,G5_TB_C_D70_5,ARPA_TB_P5,G5,Inoc. control,Inoc. control,70,,,0.01,0,0,2.24,1.06,0,0.19,0,0,0,0,0,0
TB205,G6_TB_C_D70_5,ARPA_TB_P5,G6,Inoc. control,Inoc. control,70,,,0,0,0.01,0,0,0,0,0.61,0,0,0,0,0
TB206,G7_TB_C_D70_5,ARPA_TB_P5,G7,Inoc. control,Inoc. control,70,,,0,0.14,0,0,0,0,0.05,0,0,0,0,0,0
TB207,Y4_TB_C_D70_5,ARPA_TB_P5,Y4,Grass,Rumen,70,,,0.04,0,0.01,8.47,2.35,0,3.75,0,0.06,2.4,0.2,4.73,0.53
TB208,Y5_TB_C_D70_5,ARPA_TB_P5,Y5,Grass,Rumen,70,,,0,0,0,7.38,2.4,0,3.67,0,0.07,2.06,0,4.24,0
TB209,W7_TB_F_D56_4,ARPA_TB_P5,W7,LFW,Drake,56,,,2.06,40.59,0.97,10.41,9.15,0,5.66,11.28,0,4.23,0,0.4,0
TB210,W8_TB_F_D56_4,ARPA_TB_P5,W8,LFW,Drake,56,,,14.97,44.46,0,15.86,1.15,0.6,0.9,11.08,0,4.69,0,0,0
TB212,G1_TB_F_D56_4,ARPA_TB_P5,G1,LFW,Drake,56,,,26.5,40.58,0,14.8,0.41,0,2.45,6.59,0,3.39,0,0,0
TB213,G2_TB_C_D70_6,ARPA_TB_P5,G2,M+PPB,Rumen,71,,,0.1,0.67,0.22,3.76,1.59,0,1.69,0.07,0.13,0.47,0,0.96,0
TB214,G3_TB_C_D70_6,ARPA_TB_P5,G3,M+PPB,Rumen,71,,,0.06,0.7,0.12,5.07,2.12,0,0.97,0,0,0.82,0,0.53,0
TB215,G4_TB_C_D70_6,ARPA_TB_P5,G4,M+PPB,Rumen,71,,,0.11,0.84,0.26,6.3,2.98,0,1.69,0,0.19,1.22,0,0.75,0
TB216,G5_TB_C_D70_6,ARPA_TB_P5,G5,Inoc. control,Inoc. control,71,,,0,0,0,0,0,0,0,0,0,0,0,0,0
TB217,G6_TB_C_D70_6,ARPA_TB_P5,G6,Inoc. control,Inoc. control,71,,,0,0.13,0,0,0,0,0,0,0,0,0,0,0
TB218,G7_TB_C_D70_6,ARPA_TB_P5,G7,Inoc. control,Inoc. control,71,,,0,0,0,0,0,0,0,0,0,0,0,0,0
TB219,Y4_TB_C_D70_6,ARPA_TB_P5,Y4,Grass,Rumen,71,,,0.14,1.33,0.44,4.83,1.19,0,1.61,0,0,1.5,0,1.48,0
TB220,Y5_TB_C_D70_6,ARPA_TB_P5,Y5,Grass,Rumen,71,,,0.19,1.53,0.43,3.24,0.8,0,1.1,0.18,0,1.03,0,0.57,0
TB221,W7_TB_F_D56_5,ARPA_TB_P5,W7,LFW,Drake,57,,,1.21,24.72,0.52,7.06,5.59,0,3.54,6.61,0,3.04,0,0.55,0
TB222,W8_TB_F_D56_5,ARPA_TB_P5,W8,LFW,Drake,57,,,9.9,29.46,0,10.92,0.87,0,0.6,7.27,0,2.83,0,0,0
TB223,G1_TB_F_D56_5,ARPA_TB_P5,G1,LFW,Drake,57,,,16.44,25.14,0,9.97,0.4,0.07,1.68,4.1,0,1.65,0,0,0
TB224,G2_TB_C_D73,ARPA_TB_P5,G2,M+PPB,Rumen,73,,,0.1,10.63,0.38,7.87,11.22,0,1.89,3,0,0.88,0,0.64,0
TB225,G3_TB_C_D73,ARPA_TB_P5,G3,M+PPB,Rumen,73,,,0.16,17.66,0,9.79,5.33,0,3.83,2.98,0,1.3,0,1.17,0
TB226,G4_TB_C_D73,ARPA_TB_P5,G4,M+PPB,Rumen,73,,,0.37,24.88,0,8.06,2.69,0.16,1.25,4.68,0.03,1.35,0,0.67,0
TB227,Y4_TB_C_D73,ARPA_TB_P5,Y4,Grass,Rumen,73,,,0.12,0.99,0.66,8.9,0.8,0,5.73,3.54,0,4.67,0.03,25.75,4.15
TB229,Y5_TB_C_D73,ARPA_TB_P5,Y5,Grass,Rumen,73,,,0.08,26.66,0,7.54,5.44,0.38,0,4.51,0,1.74,0,2.82,0
TB230,W7_TB_F_D59,ARPA_TB_P5,W7,LFW,Drake,59,,,0.76,23.54,0.32,7.25,5.81,0,4.23,6.97,0,3.28,0,0.46,0
TB231,W8_TB_F_D59,ARPA_TB_P5,W8,LFW,Drake,59,,,9.95,28.71,0,10.89,0.9,0.23,0.59,7,0,2.57,0,0,0
TB232,G1_TB_F_D59,ARPA_TB_P5,G1,LFW,Drake,59,,,18.36,0,0.29,3.44,0.34,0,28.1,3.3,0,1.4,0,0,0
TB233,G2_TB_C_D79,ARPA_TB_P5,G2,M+PPB,Rumen,79,,,0.05,0.35,0,10.83,15.58,0,5.74,3.13,0,3.59,0,1.44,0
TB234,G3_TB_C_D79,ARPA_TB_P5,G3,M+PPB,Rumen,79,,,0.08,0.23,0,7.86,5.52,0,10.39,2.77,0.07,4.42,0,5.93,0
TB235,G4_TB_C_D79,ARPA_TB_P5,G4,M+PPB,Rumen,79,,,5.97,28.83,0,9.88,2.23,0.29,1.37,4.29,0,1.65,0,1.16,0
TB236,Y4_TB_C_D79,ARPA_TB_P5,Y4,Grass,Rumen,79,,,0.26,0.07,0,9.58,1.02,0,7.13,1.95,0,3.84,0.16,21.66,3.14
TB237,Y5_TB_C_D79,ARPA_TB_P5,Y5,Grass,Rumen,79,,,0.09,0,0,9.24,2.38,0,6.02,3.72,0,13.07,0,18.32,2.41
TB238,W7_TB_F_D65,ARPA_TB_P5,W7,LFW,Drake,65,,,0.11,7.71,0,6.73,4.03,0,11.97,6.24,0,8.93,0,5.12,0
TB239,W8_TB_F_D65,ARPA_TB_P5,W8,LFW,Drake,65,,,8.7,0.18,0,3.28,0.8,0,23.07,5.84,0,2.63,0,0,0
TB240,G1_TB_F_D65,ARPA_TB_P5,G1,LFW,Drake,65,,,15.9,0.42,0.12,3.55,0.87,0,24.21,3.04,0,1.4,0,0,0
TB241,G2_TB_C_D84,ARPA_TB_P5,G2,M+PPB,Rumen,84,,,0.08,0,0,10.51,15.09,0,5.74,3.09,0,4.07,0,1.21,0
TB242,G3_TB_C_D84,ARPA_TB_P5,G3,M+PPB,Rumen,84,,,0.26,0,0,8.67,5.44,0,9.93,2.31,0,4.63,0,6.13,0
TB243,G4_TB_C_D84,ARPA_TB_P5,G4,M+PPB,Rumen,84,,,6.75,29.61,0,11.91,2.59,0,2.4,4.87,0.13,2.46,0,1.42,0
TB244,Y4_TB_C_D84,ARPA_TB_P5,Y4,Grass,Rumen,84,,,0.29,0.1,0,9.7,0.88,0,6.99,1.22,0,2.88,0,21.78,1.98
TB245,Y5_TB_C_D84,ARPA_TB_P5,Y5,Grass,Rumen,84,,,0.08,0,0,8.56,2.21,0,5.77,3.98,0,10.76,0,17.29,1.98
TB246,W7_TB_F_D70,ARPA_TB_P5,W7,LFW,Drake,70,,,0,0,0.01,5.21,2.96,0.06,13.65,5.47,0.9,9.57,0,13.08,0
TB247,W8_TB_F_D70,ARPA_TB_P5,W8,LFW,Drake,70,,,0.01,0,0,4.54,7.93,0,24.85,5.43,0,2.1,0,0.11,0
TB248,G1_TB_F_D70,ARPA_TB_P5,G1,LFW,Drake,70,,,6.54,0,0,4.17,7.68,0,23.61,2.69,0,1.48,0,0,0
TB249,G2_TB_C_D91,ARPA_TB_P5,G2,M+PPB,Rumen,91,,,0.04,0,0,11.54,18.73,0,7.04,3.77,0,4.9,0,2.35,0
TB250,G3_TB_C_D91,ARPA_TB_P5,G3,M+PPB,Rumen,91,,,0.02,0,0,10.42,6.14,0,11.5,0.85,0,5.44,0,9.25,0
TB251,G4_TB_C_D91,ARPA_TB_P5,G4,M+PPB,Rumen,91,,,5.13,22.91,0,11.25,3.85,0,4.61,4.09,0,3.81,0,2.23,0
TB252,Y4_TB_C_D91,ARPA_TB_P5,Y4,Grass,Rumen,91,,,0.17,0.18,0,10.03,1.06,0,8.37,1.07,0,3.36,0,21.88,2.36
TB253,Y5_TB_C_D91,ARPA_TB_P5,Y5,Grass,Rumen,91,,,0.1,0,0,8.5,2.6,0,6.68,4.03,0,13.29,0,19.16,0
TB254,W7_TB_F_D77,ARPA_TB_P5,W7,LFW,Drake,77,,,0,0,0,5.42,3.2,0,15.42,6.03,0.83,11.52,0,17.5,0.69
TB255,W8_TB_F_D77,ARPA_TB_P5,W8,LFW,Drake,77,,,0,0,0,4.77,8.76,0,26.72,5.69,0,3.26,0,1.4,0
TB256,G1_TB_F_D77,ARPA_TB_P5,G1,LFW,Drake,77,,,0,0,0,5.12,16.11,0,26.95,2.27,0,3.65,0,0,0.57
TB257,G2_TB_C_D95,ARPA_TB_P5,G2,M+PPB,Rumen,95,,,0.05,0,0,10.98,18,0,6.3,2.81,0,4.68,0,2.37,0
TB258,G3_TB_C_D95,ARPA_TB_P5,G3,M+PPB,Rumen,95,,,0.01,0,0,11.1,6.28,0,11.55,0.25,0,5.01,0,9.36,0
TB259,G4_TB_C_D95,ARPA_TB_P5,G4,M+PPB,Rumen,95,,,2.34,15.94,0,9.61,6.54,0.05,11.01,4.65,0.04,5.03,0,1.31,0
TB261,Y4_TB_C_D95,ARPA_TB_P5,Y4,Grass,Rumen,95,,,0.16,0.26,0,9.83,1.1,0,8.72,1.22,0,3.05,0,20.47,2.41
TB262,Y5_TB_C_D95,ARPA_TB_P5,Y5,Grass,Rumen,95,,,0.08,0.03,0,8.03,2.33,0,7.38,4.29,0,11.88,0,17.74,2.66
TB263,W7_TB_F_D81,ARPA_TB_P5,W7,LFW,Drake,81,,,0,0,0,5.11,2.91,0,13.94,5.27,0.81,9.75,0,14.01,0
TB264,W8_TB_F_D81,ARPA_TB_P5,W8,LFW,Drake,81,,,0,0,0,4.92,8.64,0,25.7,4.64,0,2.95,0,2.31,0.51
TB265,G1_TB_F_D81,ARPA_TB_P5,G1,LFW,Drake,81,,,0,0,0,5.14,15.55,0,25.98,2.19,0.08,4.35,0,0.45,0
TB267,G2_TB_C_D99_6,ARPA_TB_P5,G2,M+PPB,Rumen,99,,,0.1,0,0,11.81,19.05,0,7.01,3.72,0,5.18,0,2.84,0
TB268,G3_TB_C_D99_6,ARPA_TB_P5,G3,M+PPB,Rumen,99,,,0.07,0,0,11.51,6.29,0,11.16,0.53,0,5.5,0,9.82,0.67
TB269,G4_TB_C_D99_6,ARPA_TB_P5,G4,M+PPB,Rumen,99,,,0.01,2.59,0,5.79,5.43,0,17.71,3.42,0,7.06,0,1.16,0
TB270,G5_TB_C_D99_6,ARPA_TB_P5,G5,Inoc. control,Inoc. control,99,,,0,0,0,1.23,0.83,0,0.08,0,0,0,0,0,0
TB271,G6_TB_C_D99_6,ARPA_TB_P5,G6,Inoc. control,Inoc. control,99,,,0,0,0,1.42,0.96,0,0.29,0,0.01,0,0,0,0
TB272,G7_TB_C_D99_6,ARPA_TB_P5,G7,Inoc. control,Inoc. control,99,,,0,0,0,0,0.33,0,0,0,0,0,0,0,0
TB273,Y4_TB_C_D99_6,ARPA_TB_P5,Y4,Grass,Rumen,99,,,0.21,0.15,0,9.03,0.87,0,9.03,1.3,0,3.08,0,21.13,2.12
TB274,Y5_TB_C_D99_6,ARPA_TB_P5,Y5,Grass,Rumen,99,,,0.16,0,0,8.36,2.59,0,7.87,3.97,0,11.92,0,18.01,3.22
TB275,W7_TB_F_D85_5,ARPA_TB_P5,W7,LFW,Drake,85,,,0,0,0,5.36,2.78,0,12.86,4.92,0.68,9.52,0,9.21,0
TB276,W8_TB_F_D85_5,ARPA_TB_P5,W8,LFW,Drake,85,,,0,0,0,5.74,8.19,0,23.16,4.6,0.04,3.21,0,1.59,0
TB277,G1_TB_F_D85_5,ARPA_TB_P5,G1,LFW,Drake,85,,,0,0,0,4.27,12.94,0,22.17,1.99,0.23,3.83,0,0.13,0.56
TB278,G2_TB_C_D99_7,ARPA_TB_P5,G2,M+PPB,Rumen,100,,,0.1,4.03,0.58,8.24,11.74,0,4.2,2.13,0,3.65,0,0.75,0
TB279,G3_TB_C_D99_7,ARPA_TB_P5,G3,M+PPB,Rumen,100,,,0.08,5.37,0,7.01,3.33,0,5.89,0,0,3.19,0,2.2,0
TB280,G4_TB_C_D99_7,ARPA_TB_P5,G4,M+PPB,Rumen,100,,,0.07,6.78,0,3.8,2.9,0,9.85,2.27,0,4.37,0,0.23,0
TB281,G5_TB_C_D99_7,ARPA_TB_P5,G5,Inoc. control,Inoc. control,100,,,0,0,0.03,1.47,0.89,0,0.06,0,0,0,0,0,0
TB282,G6_TB_C_D99_7,ARPA_TB_P5,G6,Inoc. control,Inoc. control,100,,,0,0,0,1.45,0.98,0,0.24,0,0,0,0,0,0
TB283,G7_TB_C_D99_7,ARPA_TB_P5,G7,Inoc. control,Inoc. control,100,,,0,0,0,0.1,0.21,0,0.09,0,0,0,0,0,0
TB284,Y4_TB_C_D99_7,ARPA_TB_P5,Y4,Grass,Rumen,100,,,0.16,3.71,0.43,7.06,0.73,0,6.46,1.56,0,2.04,0,13.08,0
TB285,Y5_TB_C_D99_7,ARPA_TB_P5,Y5,Grass,Rumen,100,,,0.16,5.73,0.05,6.02,1.6,0,4.82,2.77,0,7.96,0,8.16,0
TB286,W7_TB_F_D85_6,ARPA_TB_P5,W7,LFW,Drake,86,,,0,0,0,5.31,2.85,0,12.27,4.53,0.94,9.28,0,10.74,0
TB287,W8_TB_F_D85_6,ARPA_TB_P5,W8,LFW,Drake,86,,,0,0,0,4.43,5.65,0,11.57,1.95,0,0.82,0,1.01,0
TB288,G1_TB_F_D85_6,ARPA_TB_P5,G1,LFW,Drake,86,,,0,0.03,0,4.55,10.25,0,17.55,1.37,0.27,2.96,0,0.15,0
TB289,G2_TB_C_D102,ARPA_TB_P6,G2,M+PPB,Rumen,102,,,2.63,24.49,0,11.22,10.22,0,3.93,9.12,0,3.36,0,0.17,0
TB290,G3_TB_C_D102,ARPA_TB_P6,G3,M+PPB,Rumen,102,,,1.01,22.61,0,9.3,3.72,0.13,6.4,7.79,0,2.99,0,4.21,0
TB291,G4_TB_C_D102,ARPA_TB_P6,G4,M+PPB,Rumen,102,,,1.17,16.86,0,5.76,2.85,0,10.34,8.77,0,4.35,0,0,0
TB292,Y4_TB_C_D102,ARPA_TB_P6,Y4,Grass,Rumen,102,,,1.13,22.08,4.37,8.3,0.77,0,7.02,6.65,0,2.44,0.41,14.81,0
TB293,Y5_TB_C_D102,ARPA_TB_P6,Y5,Grass,Rumen,102,,,1.41,24.06,0,6.37,1.49,0.04,4.68,9.87,0,8.28,0,11.26,0
TB294,W7_TB_F_D88,ARPA_TB_P6,W7,LFW,Drake,88,,,0,0,0,5.33,2.24,0,9.74,3.37,0.59,7.6,0,11.05,0
TB295,W8_TB_F_D88,ARPA_TB_P6,W8,LFW,Drake,88,,,0,0,0,6.19,7.15,0,13.41,1.49,0.01,3.21,0,8.57,0
TB296,G1_TB_F_D88,ARPA_TB_P6,G1,LFW,Drake,88,,,0,0.09,0.01,3.26,5.04,0,8.74,0.74,0,1.84,0,0,0
TB297,G2_TB_C_D107,ARPA_TB_P6,G2,M+PPB,Rumen,107,,,8.93,28.66,0,17.47,11.83,0,4.14,9.04,0,3.1,0,0.74,0
TB298,G3_TB_C_D107,ARPA_TB_P6,G3,M+PPB,Rumen,107,,,1.78,30.37,0,9.49,3.26,0.13,5.91,7.36,0,2.87,0,2.88,0
TB299,G4_TB_C_D107,ARPA_TB_P6,G4,M+PPB,Rumen,107,,,9.78,19.73,0,9.44,6.9,0,11.67,9.48,0,4.23,0,0.01,0
TB301,Y4_TB_C_D107,ARPA_TB_P6,Y4,Grass,Rumen,107,,,3.71,27.51,0,7.85,4.4,0,9.91,5.73,0,2.24,0,12.42,0
TB302,Y5_TB_C_D107,ARPA_TB_P6,Y5,Grass,Rumen,107,,,3.83,31.56,0,8.97,1.53,0,6.07,10.51,0,8.4,0,12.39,0
TB303,W7_TB_F_D93,ARPA_TB_P6,W7,LFW,Drake,93,,,0,0,0,6.69,2.41,0,9.34,1.82,0.5,6.95,0,10.59,0
TB304,W8_TB_F_D93,ARPA_TB_P6,W8,LFW,Drake,93,,,0,0,0,6.32,6.87,0,10.55,0,0.57,3.34,0,13.75,0
TB305,G1_TB_F_D93,ARPA_TB_P6,G1,LFW,Drake,93,,,0,0.12,0,3.37,5.08,0,8.9,0.63,0,2.12,0,0,0
TB306,G2_TB_C_D112_7,ARPA_TB_P6,G2,M+PPB,Rumen,112,,,9.29,24.02,0,18.29,14.92,0,5.48,10.27,0,3.62,0,0.9,0
TB307,G3_TB_C_D112_7,ARPA_TB_P6,G3,M+PPB,Rumen,112,,,2.6,34.41,0,10.88,4.12,0.08,6.67,8.35,0,3.2,0,4.96,0
TB308,G4_TB_C_D112_7,ARPA_TB_P6,G4,M+PPB,Rumen,112,,,11.23,21.29,0,10.58,8.27,0,13.57,10.4,0,4.5,0,0,0
TB309,G5_TB_C_D112_7,ARPA_TB_P6,G5,Inoc. control,Inoc. control,112,,,0,0.04,0,0.97,0.72,0,0.08,0,0,0.04,0,0,0
TB310,G6_TB_C_D112_7,ARPA_TB_P6,G6,Inoc. control,Inoc. control,112,,,0,0,0,1.55,0.47,0,0.28,0,0,0.05,0,0,0
TB311,G7_TB_C_D112_7,ARPA_TB_P6,G7,Inoc. control,Inoc. control,112,,,0,0,0,0,0.12,0,0,0,0,0,0,0,0
TB312,Y4_TB_C_D112_7,ARPA_TB_P6,Y4,Grass,Rumen,112,,,3.68,27.02,0,6.16,4.35,0,14.58,6.39,0,1.97,0,12.67,0
TB313,Y5_TB_C_D112_7,ARPA_TB_P6,Y5,Grass,Rumen,112,,,3.34,29.6,0,8.7,1.44,0,6.34,9.75,0,7.87,0,15.17,0
TB314,W7_TB_F_D98_6,ARPA_TB_P6,W7,LFW,Drake,98,,,0,0,0,2.66,1.16,0,2.56,0,0,1.8,0,3.11,0
TB315,W8_TB_F_D98_6,ARPA_TB_P6,W8,LFW,Drake,98,,,0,0,0.06,1.49,1.41,0,1.69,0,0,0.49,0,2.43,0
TB316,G1_TB_F_D98_6,ARPA_TB_P6,G1,LFW,Drake,98,,,0,0.26,0.13,3.59,5.37,0,9.74,0.67,0.01,2.01,0,0.43,0
TB317,G2_TB_C_D112_8,ARPA_TB_P6,G2,M+PPB,Rumen,113,,,5.27,20.58,0,11.19,8.7,0,2.85,5.7,0,2.61,0,0,0
TB318,G3_TB_C_D112_8,ARPA_TB_P6,G3,M+PPB,Rumen,113,,,1.72,27.68,0,7.74,1.9,0,4.58,5.85,0,2.16,0,2.14,0
TB319,G4_TB_C_D112_8,ARPA_TB_P6,G4,M+PPB,Rumen,113,,,8.34,20.19,0,8.24,7.05,0,10.53,7.42,0,4.33,0,0,0
TB320,G5_TB_C_D112_8,ARPA_TB_P6,G5,Inoc. control,Inoc. control,113,,,0,0,0,0.94,0.89,0,0,0,0,0.08,0,0,0
TB321,G6_TB_C_D112_8,ARPA_TB_P6,G6,Inoc. control,Inoc. control,113,,,0,0.06,0,1.59,0.85,0,0.44,0,0,0,0,0,0
TB322,G7_TB_C_D112_8,ARPA_TB_P6,G7,Inoc. control,Inoc. control,113,,,0,0,0,0,0,0,0,0,0,0,0,0,0
TB323,Y4_TB_C_D112_8,ARPA_TB_P6,Y4,Grass,Rumen,113,,,1.23,22.21,0,3.29,1.56,0,6.24,2.91,0,1.3,0,3.04,0
TB324,Y5_TB_C_D112_8,ARPA_TB_P6,Y5,Grass,Rumen,113,,,2.25,27.21,0,6.25,0.64,0,3.92,6.89,0,6.02,0,6.11,0
TB325,W7_TB_F_D98_7,ARPA_TB_P6,W7,LFW,Drake,99,,,0,0,0,6.69,7.04,0.06,10.88,0,0.34,3.47,0,15.28,0
TB327,W8_TB_F_D98_7,ARPA_TB_P6,W8,LFW,Drake,99,,,0,0,0,4.36,7.6,0,12.8,1.45,0.18,2.69,0,1.72,0
TB328,G1_TB_F_D98_7,ARPA_TB_P6,G1,LFW,Drake,99,,,0,7.9,6.34,5.98,0.91,0.63,0,5.39,0,0,0,0,0
TB329,G2_TB_C_D115,ARPA_TB_P6,G2,M+PPB,Rumen,115,,,7.3,43.91,0,16.07,9.4,0.02,2.78,8.46,0.31,4.97,0,0,0
TB330,G3_TB_C_D115,ARPA_TB_P6,G3,M+PPB,Rumen,115,,,4.31,48.76,0,8.4,1.32,0,3.32,6.57,0,1.39,0,1.41,0
TB331,G4_TB_C_D115,ARPA_TB_P6,G4,M+PPB,Rumen,115,,,7.46,43.05,0,7.74,6.09,0,8.21,8.23,0.24,3.01,0,0,0
TB332,Y4_TB_C_D115,ARPA_TB_P6,Y4,Grass,Rumen,115,,,4.4,40.79,0,6.2,2.53,0,8.81,7.29,0,1.07,0,2.41,0
TB333,Y5_TB_C_D115,ARPA_TB_P6,Y5,Grass,Rumen,115,,,2.74,43.53,0,7.99,0.7,0,3.52,9.84,0,3.71,0,3.81,0
TB334,W7_TB_F_D101,ARPA_TB_P6,W7,LFW,Drake,101,,,0,0,0,6.85,1.94,0,6.52,0,0.28,4.4,0,9.31,0
TB335,W8_TB_F_D101,ARPA_TB_P6,W8,LFW,Drake,101,,,0,0.28,0,5.22,4.95,0,7.11,0,0.31,1.49,0,5.53,0
TB336,G1_TB_F_D101,ARPA_TB_P6,G1,LFW,Drake,101,,,0,0.52,0.19,3.73,3.36,0,5.96,0.56,0,0.45,0,0,0
TB337,G2_TB_C_D121,ARPA_TB_P6,G2,M+PPB,Rumen,121,,,9.37,39.41,0,20.72,14.1,0.44,4.19,8.16,0.28,5.16,0,0.48,0
TB338,G3_TB_C_D121,ARPA_TB_P6,G3,M+PPB,Rumen,121,,,10.44,46.15,0,13.29,3.68,0,4.17,6.7,0,3.08,0,3.27,0
TB339,G4_TB_C_D121,ARPA_TB_P6,G4,M+PPB,Rumen,121,,,7.5,46.92,0,8.18,6.01,0.21,7.87,8.65,0,3.15,0,0,0
TB340,Y4_TB_C_D121,ARPA_TB_P6,Y4,Grass,Rumen,121,,,5.3,47.92,0,6.89,2.13,0,7.5,6.63,0,1.32,0,1.82,0
TB341,Y5_TB_C_D121,ARPA_TB_P6,Y5,Grass,Rumen,121,,,2.71,46.03,0,7.9,0.78,0,3.38,9.43,0,3.42,0,3.52,0
TB342,W7_TB_F_D107,ARPA_TB_P6,W7,LFW,Drake,107,,,0,0,0,6.93,2.24,0,6.59,0,0.42,4.16,0,10.5,0
TB343,W8_TB_F_D107,ARPA_TB_P6,W8,LFW,Drake,107,,,0,0.1,0,5.54,4.67,0,6.49,0,0.36,1.45,0,7.7,0
TB344,G1_TB_F_D107,ARPA_TB_P6,G1,LFW,Drake,107,,,0.03,0.12,0,5.25,3.82,0,6.22,0.96,0.11,0.52,0,0.42,0
TB345,G2_TB_C_D126,ARPA_TB_P6,G2,M+PPB,Rumen,126,,,10.03,34.82,0,21.91,19,0,4.92,7.77,0,4.75,0,0,0
TB346,G3_TB_C_D126,ARPA_TB_P6,G3,M+PPB,Rumen,126,,,10.33,42.36,0,14.28,6.18,0,5.9,6.62,0.03,3.14,0,3.45,0
TB347,G4_TB_C_D126,ARPA_TB_P6,G4,M+PPB,Rumen,126,,,7.39,48.18,0,7.49,5.31,0,7.87,8.83,0.2,3.65,0,0,0
TB348,G5_TB_C_D126,ARPA_TB_P6,G5,Inoc. control,Inoc. control,126,,,0,0,0,0.51,0.56,0,0,0,0,0,0,0,0
TB349,G6_TB_C_D126,ARPA_TB_P6,G6,Inoc. control,Inoc. control,126,,,0,0,0,1.3,0.92,0,0.63,0,0,0,0,0,0
TB350,G7_TB_C_D126,ARPA_TB_P6,G7,Inoc. control,Inoc. control,126,,,0.02,0,0,0,0,0,0,0,0,0,0,0,0
TB351,Y4_TB_C_D126,ARPA_TB_P6,Y4,Grass,Rumen,126,,,5.08,47.36,9.08,7.01,2.33,0,6.79,5.96,0,1.69,0,1.4,0
TB352,Y5_TB_C_D126,ARPA_TB_P6,Y5,Grass,Rumen,126,,,2.7,46.75,0,7.25,0.88,0,2.76,8.5,0,3.79,0,4.2,0
TB354,W7_TB_F_D112,ARPA_TB_P6,W7,LFW,Drake,112,,,0.02,0.13,0,5.34,4.18,0,6.75,0.04,0.27,2.47,0,8.89,0
TB355,W8_TB_F_D112,ARPA_TB_P6,W8,LFW,Drake,112,,,0.06,0.14,0,4.83,3.98,0,6.32,1.05,0.22,1.18,0,0.43,0
TB356,G1_TB_F_D112,ARPA_TB_P6,G1,LFW,Drake,112,,,0.01,0,0,7.2,2.86,0,6.82,0,0.45,4.6,0,10.35,0
TB357,Leachate_FW,ARPA_TB_P6,LFW,,,,,,,,,,,,,,,,,,
TB358,Grass,ARPA_TB_P6,Grass,,,,,,,,,,,,,,,,,,
TB359,Manure (Batch 3),ARPA_TB_P6,Manure,,,,,,,,,,,,,,,,,,
TB360,PPB (Batch 2),ARPA_TB_P6,PPB,,,,,,,,,,,,,,,,,,
TB361,Drake,ARPA_TB_P6,Drake,,,,,,,,,,,,,,,,,,
A145,TA_W6_5-2-24,ARPA_TB_P6,Tailor_A,,,,,,,,,,,,,,,,,,
TB362,Manual Blank,ARPA_TB_P6,Blank,,,,,,,,,,,,,,,,,,